"DATE_TIME","TEMPERATURE","DEPTH","BATHYTHERMIC_HEADER_ID"
2021-07-08 15:42:07,8.883,0,28402
2021-07-08 15:42:10,9.119,0,28402
2021-07-08 15:42:15,9.367,0,28402
2021-07-08 15:42:18,9.542,0,28402
2021-07-08 15:42:21,9.74,0,28402
2021-07-08 15:42:24,9.833,0,28402
2021-07-08 15:42:29,10.034,0,28402
2021-07-08 15:42:32,10.069,0,28402
2021-07-08 15:42:35,10.046,0,28402
2021-07-08 15:42:40,10.006,0,28402
2021-07-08 15:42:43,9.976,0,28402
2021-07-08 15:42:46,9.937,0,28402
2021-07-08 15:42:49,9.906,0,28402
2021-07-08 15:42:54,9.876,0,28402
2021-07-08 15:42:57,9.847,0,28402
2021-07-08 15:43:00,9.827,0,28402
2021-07-08 15:43:05,9.808,0,28402
2021-07-08 15:43:08,9.803,0,28402
2021-07-08 15:43:11,9.808,0,28402
2021-07-08 15:43:14,9.808,0,28402
2021-07-08 15:43:19,9.784,0,28402
2021-07-08 15:43:22,9.786,0,28402
2021-07-08 15:43:25,9.785,0,28402
2021-07-08 15:43:28,9.783,0,28402
2021-07-08 15:43:33,9.779,0,28402
2021-07-08 15:43:36,9.789,0,28402
2021-07-08 15:43:39,9.795,0,28402
2021-07-08 15:43:44,9.802,0,28402
2021-07-08 15:43:47,9.807,0,28402
2021-07-08 15:43:50,9.822,0,28402
2021-07-08 15:43:53,9.84,0,28402
2021-07-08 15:43:58,10.307,0,28402
2021-07-08 15:44:01,10.394,0,28402
2021-07-08 15:44:04,10.523,0,28402
2021-07-08 15:44:09,10.724,0,28402
2021-07-08 15:44:12,10.81,0,28402
2021-07-08 15:44:15,10.858,0,28402
2021-07-08 15:44:18,10.953,0,28402
2021-07-08 15:44:23,11.068,0,28402
2021-07-08 15:44:26,11.103,0,28402
2021-07-08 15:44:29,11.127,0,28402
2021-07-08 15:44:34,11.174,0,28402
2021-07-08 15:44:37,11.235,0,28402
2021-07-08 15:44:40,11.286,0,28402
2021-07-08 15:44:43,11.368,0,28402
2021-07-08 15:44:48,11.445,0,28402
2021-07-08 15:44:51,11.477,0,28402
2021-07-08 15:44:54,11.511,0,28402
2021-07-08 15:44:59,11.549,0,28402
2021-07-08 15:45:02,11.56,0,28402
2021-07-08 15:45:05,11.569,0,28402
2021-07-08 15:45:08,11.581,0,28402
2021-07-08 14:44:11,17.469,0,28402
2021-07-08 14:44:14,17.464,0,28402
2021-07-08 14:44:17,17.44,0,28402
2021-07-08 14:44:20,17.439,0,28402
2021-07-08 14:44:25,17.426,0,28402
2021-07-08 14:44:28,17.418,0,28402
2021-07-08 14:44:31,17.405,0,28402
2021-07-08 14:44:34,17.419,0,28402
2021-07-08 14:44:39,17.443,0,28402
2021-07-08 14:44:42,17.445,0,28402
2021-07-08 14:44:45,17.461,0,28402
2021-07-08 14:44:50,17.464,0,28402
2021-07-08 14:44:53,17.465,0,28402
2021-07-08 14:44:56,17.46,0,28402
2021-07-08 14:44:59,17.465,0,28402
2021-07-08 14:45:04,17.482,0,28402
2021-07-08 14:45:07,17.515,0,28402
2021-07-08 14:45:10,17.6,0,28402
2021-07-08 14:45:15,17.687,0,28402
2021-07-08 14:45:18,17.757,0,28402
2021-07-08 14:45:21,17.807,0,28402
2021-07-08 14:45:24,17.866,0,28402
2021-07-08 14:45:29,17.864,-0.1,28402
2021-07-08 14:45:32,17.734,0,28402
2021-07-08 14:45:35,17.473,0,28402
2021-07-08 14:45:40,17.186,0,28402
2021-07-08 14:45:43,17.01,0,28402
2021-07-08 14:45:46,16.845,0,28402
2021-07-08 14:45:49,16.482,0,28402
2021-07-08 14:45:54,16.211,0,28402
2021-07-08 14:45:57,16.057,0,28402
2021-07-08 14:46:00,15.868,0,28402
2021-07-08 14:46:05,15.644,-0.1,28402
2021-07-08 14:46:08,15.483,0,28402
2021-07-08 14:46:11,15.421,0,28402
2021-07-08 14:46:14,15.355,-0.1,28402
2021-07-08 14:46:19,15.234,0,28402
2021-07-08 14:46:22,15.187,0,28402
2021-07-08 14:46:25,15.011,-0.1,28402
2021-07-08 14:46:28,14.897,-0.1,28402
2021-07-08 14:46:33,14.827,-0.1,28402
2021-07-08 14:46:36,14.667,0,28402
2021-07-08 14:46:39,14.387,0,28402
2021-07-08 14:46:44,13.938,0,28402
2021-07-08 14:46:47,13.764,0,28402
2021-07-08 14:46:50,13.619,0,28402
2021-07-08 14:46:53,13.408,0,28402
2021-07-08 14:46:58,13.495,0,28402
2021-07-08 14:47:01,13.674,0,28402
2021-07-08 14:47:04,13.627,0,28402
2021-07-08 14:47:09,13.606,0,28402
2021-07-08 14:47:12,13.727,0,28402
2021-07-08 14:47:15,13.578,0,28402
2021-07-08 14:47:18,13.609,0,28402
2021-07-08 14:47:23,13.768,0,28402
2021-07-08 14:47:26,13.912,-0.1,28402
2021-07-08 14:47:29,14.025,0,28402
2021-07-08 14:47:34,13.963,0,28402
2021-07-08 14:47:37,14.014,0,28402
2021-07-08 14:47:40,14.013,0,28402
2021-07-08 14:47:43,13.981,0,28402
2021-07-08 14:47:48,13.958,0,28402
2021-07-08 14:47:51,13.946,0,28402
2021-07-08 14:47:54,13.979,0,28402
2021-07-08 14:47:59,13.865,-0.1,28402
2021-07-08 14:48:02,13.886,0,28402
2021-07-08 14:48:05,13.934,-0.1,28402
2021-07-08 14:48:08,13.955,0,28402
2021-07-08 14:48:13,13.747,-0.1,28402
2021-07-08 14:48:16,13.675,0,28402
2021-07-08 14:48:19,13.705,-0.1,28402
2021-07-08 14:48:22,13.498,-0.1,28402
2021-07-08 14:48:27,13.282,0,28402
2021-07-08 14:48:30,13.084,0,28402
2021-07-08 14:48:33,13.273,0,28402
2021-07-08 14:48:38,13.471,-0.1,28402
2021-07-08 14:48:41,13.551,-0.1,28402
2021-07-08 14:48:44,13.588,-0.1,28402
2021-07-08 14:48:47,13.629,-0.1,28402
2021-07-08 14:48:52,13.713,-0.1,28402
2021-07-08 14:48:55,13.834,-0.1,28402
2021-07-08 14:48:58,13.984,-0.1,28402
2021-07-08 14:49:03,14.179,-0.1,28402
2021-07-08 14:49:06,14.245,-0.1,28402
2021-07-08 14:49:09,14.336,-0.1,28402
2021-07-08 14:49:12,14.426,-0.1,28402
2021-07-08 14:49:17,14.471,-0.1,28402
2021-07-08 14:49:20,14.55,-0.1,28402
2021-07-08 14:49:23,14.543,-0.1,28402
2021-07-08 14:49:28,14.477,0,28402
2021-07-08 14:49:31,14.47,-0.1,28402
2021-07-08 14:49:34,14.469,-0.1,28402
2021-07-08 14:49:37,14.522,-0.1,28402
2021-07-08 14:49:42,14.58,-0.1,28402
2021-07-08 14:49:45,14.613,0,28402
2021-07-08 14:49:48,14.67,0,28402
2021-07-08 14:49:53,14.697,-0.1,28402
2021-07-08 14:49:56,14.716,-0.1,28402
2021-07-08 14:49:59,14.707,-0.1,28402
2021-07-08 14:50:02,14.717,0,28402
2021-07-08 14:50:07,14.376,-0.1,28402
2021-07-08 14:50:24,13.743,-0.1,28402
2021-07-08 14:50:10,14.249,-0.1,28402
2021-07-08 14:50:13,14.15,-0.1,28402
2021-07-08 14:50:16,14.062,-0.1,28402
2021-07-08 14:50:21,13.891,-0.1,28402
2021-07-08 14:50:27,13.475,-0.1,28402
2021-07-08 14:50:32,13.214,-0.1,28402
2021-07-08 14:50:35,13.031,-0.1,28402
2021-07-08 14:50:49,12.837,-0.1,28402
2021-07-08 14:50:38,12.97,-0.1,28402
2021-07-08 14:50:41,12.944,-0.1,28402
2021-07-08 14:50:46,12.91,-0.1,28402
2021-07-08 14:50:52,12.791,-0.1,28402
2021-07-08 14:50:57,12.703,-0.1,28402
2021-07-08 14:51:00,12.588,-0.1,28402
2021-07-08 14:51:03,12.558,-0.1,28402
2021-07-08 14:51:06,12.462,-0.1,28402
2021-07-08 14:51:11,12.375,-0.1,28402
2021-07-08 14:51:14,12.283,-0.1,28402
2021-07-08 14:51:17,12.256,-0.1,28402
2021-07-08 14:51:22,12.153,-0.1,28402
2021-07-08 14:51:25,12.133,-0.1,28402
2021-07-08 14:51:28,12.061,-0.1,28402
2021-07-08 14:51:31,11.981,-0.1,28402
2021-07-08 14:51:36,11.934,-0.1,28402
2021-07-08 14:51:39,11.902,-0.1,28402
2021-07-08 14:51:42,11.883,-0.1,28402
2021-07-08 14:51:47,11.82,-0.1,28402
2021-07-08 14:51:50,11.83,-0.1,28402
2021-07-08 14:51:53,11.772,-0.1,28402
2021-07-08 14:51:56,11.767,-0.1,28402
2021-07-08 14:52:01,11.695,-0.1,28402
2021-07-08 14:52:04,11.677,-0.1,28402
2021-07-08 14:52:07,11.652,-0.1,28402
2021-07-08 14:52:10,11.559,-0.1,28402
2021-07-08 14:52:15,11.511,-0.1,28402
2021-07-08 14:52:18,11.497,-0.1,28402
2021-07-08 14:52:21,11.413,-0.1,28402
2021-07-08 14:52:26,11.385,-0.1,28402
2021-07-08 14:52:29,8.852,0.6,28402
2021-07-08 14:52:32,8.527,0.6,28402
2021-07-08 14:52:35,8.618,0.6,28402
2021-07-08 14:52:40,8.538,0.7,28402
2021-07-08 14:52:43,8.609,0.5,28402
2021-07-08 14:52:46,8.544,0.5,28402
2021-07-08 14:52:51,8.519,0.5,28402
2021-07-08 14:52:54,8.502,0.4,28402
2021-07-08 14:52:57,8.497,0.7,28402
2021-07-08 14:53:00,8.474,0.8,28402
2021-07-08 14:53:05,8.492,0.7,28402
2021-07-08 14:53:08,8.473,0.8,28402
2021-07-08 14:53:11,8.486,0.7,28402
2021-07-08 14:53:16,8.475,0.6,28402
2021-07-08 14:53:19,8.477,0.6,28402
2021-07-08 14:53:22,8.465,0.7,28402
2021-07-08 14:53:25,8.491,0.6,28402
2021-07-08 14:53:30,8.464,0.6,28402
2021-07-08 14:53:33,8.468,0.7,28402
2021-07-08 14:53:36,8.469,0.7,28402
2021-07-08 14:53:41,8.47,0.8,28402
2021-07-08 14:53:44,8.466,0.7,28402
2021-07-08 14:53:47,8.464,0.6,28402
2021-07-08 14:53:50,8.457,0.7,28402
2021-07-08 14:53:55,8.46,0.6,28402
2021-07-08 14:53:58,8.458,0.6,28402
2021-07-08 14:54:01,8.466,0.6,28402
2021-07-08 14:54:04,8.459,0.6,28402
2021-07-08 14:54:09,8.458,0.6,28402
2021-07-08 14:54:12,8.471,0.5,28402
2021-07-08 14:54:15,8.46,0.4,28402
2021-07-08 14:54:20,8.465,0.5,28402
2021-07-08 14:54:23,8.456,0.5,28402
2021-07-08 14:54:26,8.461,0.5,28402
2021-07-08 14:54:29,8.463,0.5,28402
2021-07-08 14:54:34,8.464,0.6,28402
2021-07-08 14:54:37,8.458,0.6,28402
2021-07-08 14:54:40,8.463,0.5,28402
2021-07-08 14:54:45,8.453,0.5,28402
2021-07-08 14:54:48,8.456,0.5,28402
2021-07-08 14:54:51,8.46,0.5,28402
2021-07-08 14:54:54,8.454,0.5,28402
2021-07-08 14:54:59,8.45,0.4,28402
2021-07-08 14:55:02,8.456,0.4,28402
2021-07-08 14:55:05,8.453,0.5,28402
2021-07-08 14:55:10,8.451,0.3,28402
2021-07-08 14:55:13,8.452,0.4,28402
2021-07-08 14:55:16,8.453,0.3,28402
2021-07-08 14:55:19,8.45,0.5,28402
2021-07-08 14:55:24,8.449,0.5,28402
2021-07-08 14:55:27,8.45,0.5,28402
2021-07-08 14:55:30,8.45,0.5,28402
2021-07-08 14:55:35,8.447,1,28402
2021-07-08 14:55:38,8.446,1.4,28402
2021-07-08 14:55:41,8.445,1.9,28402
2021-07-08 14:55:44,8.444,2.2,28402
2021-07-08 14:55:49,8.442,3,28402
2021-07-08 14:55:52,8.443,3.2,28402
2021-07-08 14:55:55,8.442,3.7,28402
2021-07-08 14:55:58,8.442,4.1,28402
2021-07-08 14:56:03,8.441,5.1,28402
2021-07-08 14:56:06,8.441,5.2,28402
2021-07-08 14:56:09,8.441,6.2,28402
2021-07-08 14:56:14,8.439,6.3,28402
2021-07-08 14:56:17,8.438,6.5,28402
2021-07-08 14:56:20,8.438,7,28402
2021-07-08 14:56:23,8.436,7.6,28402
2021-07-08 14:56:28,8.435,8.6,28402
2021-07-08 14:56:31,8.434,9.4,28402
2021-07-08 14:56:34,8.432,10,28402
2021-07-08 14:56:39,8.431,11.2,28402
2021-07-08 14:56:42,8.43,12,28402
2021-07-08 14:56:45,8.425,12.8,28402
2021-07-08 14:56:48,8.421,13.6,28402
2021-07-08 14:56:53,8.358,15.1,28402
2021-07-08 14:56:56,8.238,15.9,28402
2021-07-08 14:56:59,7.84,16.9,28402
2021-07-08 14:57:04,7.325,18.5,28402
2021-07-08 14:57:18,5.616,23.2,28402
2021-07-08 14:57:07,6.812,19.5,28402
2021-07-08 14:57:10,6.337,20.5,28402
2021-07-08 14:57:13,6.013,21.5,28402
2021-07-08 14:57:21,5.481,24.2,28402
2021-07-08 14:57:24,5.414,25.3,28402
2021-07-08 14:57:29,5.335,27,28402
2021-07-08 14:57:32,5.28,28,28402
2021-07-08 14:57:35,5.212,29,28402
2021-07-08 14:57:38,5.122,30.1,28402
2021-07-08 14:57:43,4.271,31.9,28402
2021-07-08 14:57:57,3.778,37,28402
2021-07-08 14:57:46,4.048,33,28402
2021-07-08 14:57:49,3.94,34,28402
2021-07-08 14:57:52,3.883,35.1,28402
2021-07-08 14:58:00,3.725,38.1,28402
2021-07-08 14:58:03,3.694,39.2,28402
2021-07-08 14:58:08,3.636,41,28402
2021-07-08 14:58:11,3.59,42.1,28402
2021-07-08 14:58:14,3.519,43.2,28402
2021-07-08 14:58:17,3.306,44.3,28402
2021-07-08 14:58:22,2.709,46.1,28402
2021-07-08 14:58:25,2.424,47.2,28402
2021-07-08 14:58:28,2.315,48.3,28402
2021-07-08 14:58:33,2.23,50.3,28402
2021-07-08 14:58:36,2.195,51.3,28402
2021-07-08 14:58:39,2.182,52.5,28402
2021-07-08 14:58:42,2.169,53.6,28402
2021-07-08 14:58:47,2.156,55.5,28402
2021-07-08 14:58:50,2.153,56.6,28402
2021-07-08 14:58:53,2.149,57.8,28402
2021-07-08 14:58:58,2.144,59.7,28402
2021-07-08 14:59:01,2.143,60.8,28402
2021-07-08 14:59:04,2.139,62,28402
2021-07-08 14:59:07,2.136,63.1,28402
2021-07-08 14:59:12,2.134,65,28402
2021-07-08 14:59:15,2.128,66.2,28402
2021-07-08 14:59:18,2.126,67.4,28402
2021-07-08 14:59:23,2.127,69.3,28402
2021-07-08 14:59:26,2.127,70.4,28402
2021-07-08 14:59:29,2.128,71.6,28402
2021-07-08 14:59:32,2.126,72.7,28402
2021-07-08 14:59:37,2.129,74.6,28402
2021-07-08 14:59:40,2.129,75.7,28402
2021-07-08 14:59:43,2.128,76.7,28402
2021-07-08 14:59:46,2.127,77.7,28402
2021-07-08 14:59:51,2.127,79.2,28402
2021-07-08 14:59:54,2.126,80.2,28402
2021-07-08 14:59:57,2.126,81.2,28402
2021-07-08 15:00:02,2.126,82.6,28402
2021-07-08 15:00:05,2.125,83.3,28402
2021-07-08 15:00:08,2.124,84,28402
2021-07-08 15:00:11,2.125,84.8,28402
2021-07-08 15:00:16,2.125,85.9,28402
2021-07-08 15:00:19,2.125,86.4,28402
2021-07-08 15:00:22,2.125,87,28402
2021-07-08 15:00:27,2.125,87.8,28402
2021-07-08 15:00:30,2.125,88.2,28402
2021-07-08 15:00:33,2.125,88.6,28402
2021-07-08 15:00:36,2.124,88.9,28402
2021-07-08 15:00:41,2.124,89.3,28402
2021-07-08 15:00:44,2.124,89.5,28402
2021-07-08 15:00:47,2.123,89.8,28402
2021-07-08 15:00:52,2.123,90.1,28402
2021-07-08 15:00:55,2.123,90.3,28402
2021-07-08 15:00:58,2.123,90.4,28402
2021-07-08 15:01:01,2.123,90.6,28402
2021-07-08 15:01:06,2.123,90.8,28402
2021-07-08 15:01:09,2.123,90.9,28402
2021-07-08 15:01:12,2.124,91.1,28402
2021-07-08 15:01:17,2.124,91.3,28402
2021-07-08 15:01:20,2.124,91.4,28402
2021-07-08 15:01:23,2.123,91.4,28402
2021-07-08 15:01:26,2.124,91.4,28402
2021-07-08 15:01:31,2.124,91.4,28402
2021-07-08 15:01:34,2.124,91.5,28402
2021-07-08 15:01:37,2.124,91.5,28402
2021-07-08 15:01:40,2.124,91.6,28402
2021-07-08 15:01:45,2.124,91.5,28402
2021-07-08 15:01:48,2.124,91.6,28402
2021-07-08 15:01:51,2.123,91.4,28402
2021-07-08 15:01:56,2.123,91.6,28402
2021-07-08 15:01:59,2.123,91.6,28402
2021-07-08 15:02:02,2.123,91.6,28402
2021-07-08 15:02:05,2.123,91.6,28402
2021-07-08 15:02:10,2.123,91.6,28402
2021-07-08 15:02:13,2.123,91.7,28402
2021-07-08 15:02:16,2.123,91.6,28402
2021-07-08 15:02:21,2.123,91.6,28402
2021-07-08 15:02:24,2.123,91.6,28402
2021-07-08 15:02:27,2.123,91.6,28402
2021-07-08 15:02:30,2.123,91.7,28402
2021-07-08 15:02:35,2.123,91.7,28402
2021-07-08 15:02:38,2.124,91.7,28402
2021-07-08 15:02:41,2.124,91.6,28402
2021-07-08 15:02:46,2.123,91.7,28402
2021-07-08 15:02:49,2.123,91.7,28402
2021-07-08 15:02:52,2.123,91.7,28402
2021-07-08 15:02:55,2.123,91.7,28402
2021-07-08 15:03:00,2.123,91.6,28402
2021-07-08 15:03:03,2.123,91.7,28402
2021-07-08 15:03:06,2.123,91.7,28402
2021-07-08 15:03:11,2.123,91.8,28402
2021-07-08 15:03:14,2.123,91.6,28402
2021-07-08 15:03:17,2.123,91.7,28402
2021-07-08 15:03:20,2.123,91.7,28402
2021-07-08 15:03:25,2.123,91.7,28402
2021-07-08 15:03:28,2.123,91.7,28402
2021-07-08 15:03:42,2.124,91.7,28402
2021-07-08 15:03:31,2.124,91.8,28402
2021-07-08 15:03:34,2.124,91.7,28402
2021-07-08 15:03:39,2.124,91.7,28402
2021-07-08 15:03:45,2.125,91.8,28402
2021-07-08 15:03:50,2.124,91.7,28402
2021-07-08 15:03:53,2.124,91.6,28402
2021-07-08 15:03:56,2.124,91.7,28402
2021-07-08 15:03:59,2.124,91.8,28402
2021-07-08 15:04:04,2.124,91.7,28402
2021-07-08 15:04:07,2.124,91.7,28402
2021-07-08 15:04:10,2.124,91.6,28402
2021-07-08 15:04:15,2.124,91.7,28402
2021-07-08 15:04:18,2.124,91.7,28402
2021-07-08 15:04:21,2.125,91.7,28402
2021-07-08 15:04:24,2.124,91.7,28402
2021-07-08 15:04:29,2.124,91.6,28402
2021-07-08 15:04:32,2.124,91.7,28402
2021-07-08 15:04:35,2.126,91.6,28402
2021-07-08 15:04:40,2.125,91.7,28402
2021-07-08 15:04:43,2.125,91.6,28402
2021-07-08 15:04:46,2.125,91.6,28402
2021-07-08 15:04:49,2.125,91.7,28402
2021-07-08 15:04:54,2.124,91.6,28402
2021-07-08 15:04:57,2.124,91.6,28402
2021-07-08 15:05:00,2.123,91.7,28402
2021-07-08 15:05:05,2.123,91.6,28402
2021-07-08 15:05:08,2.123,91.7,28402
2021-07-08 15:05:11,2.123,91.6,28402
2021-07-08 15:05:14,2.123,91.7,28402
2021-07-08 15:05:33,2.123,91.7,28402
2021-07-08 15:05:19,2.124,91.7,28402
2021-07-08 15:05:22,2.123,91.7,28402
2021-07-08 15:05:25,2.123,91.7,28402
2021-07-08 15:05:28,2.123,91.6,28402
2021-07-08 15:05:36,2.123,91.7,28402
2021-07-08 15:05:39,2.123,91.6,28402
2021-07-08 15:05:44,2.123,91.6,28402
2021-07-08 15:05:47,2.124,91.7,28402
2021-07-08 15:05:50,2.125,91.6,28402
2021-07-08 15:05:53,2.125,91.7,28402
2021-07-08 15:05:58,2.126,91.6,28402
2021-07-08 15:06:01,2.125,91.6,28402
2021-07-08 15:06:04,2.125,91.7,28402
2021-07-08 15:06:09,2.125,91.6,28402
2021-07-08 15:06:12,2.125,91.6,28402
2021-07-08 15:06:15,2.125,91.6,28402
2021-07-08 15:06:18,2.125,91.6,28402
2021-07-08 15:06:23,2.124,91.6,28402
2021-07-08 15:06:26,2.124,91.7,28402
2021-07-08 15:06:29,2.124,91.7,28402
2021-07-08 15:06:34,2.125,91.7,28402
2021-07-08 15:06:37,2.125,91.7,28402
2021-07-08 15:06:40,2.125,91.7,28402
2021-07-08 15:06:43,2.126,91.6,28402
2021-07-08 15:06:48,2.125,91.7,28402
2021-07-08 15:06:51,2.125,91.7,28402
2021-07-08 15:06:54,2.125,91.7,28402
2021-07-08 15:06:59,2.125,91.7,28402
2021-07-08 15:07:02,2.126,91.6,28402
2021-07-08 15:07:05,2.125,91.6,28402
2021-07-08 15:07:08,2.125,91.7,28402
2021-07-08 15:07:13,2.125,91.7,28402
2021-07-08 15:07:16,2.125,91.6,28402
2021-07-08 15:07:19,2.124,91.7,28402
2021-07-08 15:07:22,2.124,91.6,28402
2021-07-08 15:07:27,2.124,91.6,28402
2021-07-08 15:07:30,2.124,91.7,28402
2021-07-08 15:07:33,2.124,91.6,28402
2021-07-08 15:07:38,2.124,91.7,28402
2021-07-08 15:07:41,2.125,91.6,28402
2021-07-08 15:07:44,2.125,91.6,28402
2021-07-08 15:07:47,2.125,91.6,28402
2021-07-08 15:07:52,2.125,91.7,28402
2021-07-08 15:07:55,2.125,91.6,28402
2021-07-08 15:07:58,2.125,91.6,28402
2021-07-08 15:08:03,2.125,91.7,28402
2021-07-08 15:08:06,2.125,91.7,28402
2021-07-08 15:08:09,2.125,91.7,28402
2021-07-08 15:08:12,2.125,91.7,28402
2021-07-08 15:08:17,2.124,91.6,28402
2021-07-08 15:08:20,2.125,91.7,28402
2021-07-08 15:08:23,2.125,91.7,28402
2021-07-08 15:08:28,2.125,91.6,28402
2021-07-08 15:08:31,2.125,91.7,28402
2021-07-08 15:08:34,2.125,91.6,28402
2021-07-08 15:08:37,2.125,91.6,28402
2021-07-08 15:08:42,2.124,91.7,28402
2021-07-08 15:08:45,2.125,91.7,28402
2021-07-08 15:08:48,2.124,91.6,28402
2021-07-08 15:08:53,2.124,91.6,28402
2021-07-08 15:08:56,2.125,91.7,28402
2021-07-08 15:08:59,2.124,91.7,28402
2021-07-08 15:09:02,2.124,91.7,28402
2021-07-08 15:09:07,2.124,91.7,28402
2021-07-08 15:09:10,2.124,91.7,28402
2021-07-08 15:09:13,2.124,91.7,28402
2021-07-08 15:09:16,2.124,91.7,28402
2021-07-08 15:09:21,2.124,91.7,28402
2021-07-08 15:09:24,2.125,91.7,28402
2021-07-08 15:09:27,2.125,91.7,28402
2021-07-08 15:09:32,2.125,91.7,28402
2021-07-08 15:09:35,2.125,91.7,28402
2021-07-08 15:09:38,2.125,91.6,28402
2021-07-08 15:09:41,2.125,91.6,28402
2021-07-08 15:09:46,2.125,91.7,28402
2021-07-08 15:09:49,2.125,91.7,28402
2021-07-08 15:09:52,2.126,91.7,28402
2021-07-08 15:10:06,2.125,91.7,28402
2021-07-08 15:09:57,2.126,91.7,28402
2021-07-08 15:10:00,2.126,91.6,28402
2021-07-08 15:10:03,2.126,91.7,28402
2021-07-08 15:10:11,2.125,91.7,28402
2021-07-08 15:10:14,2.125,91.7,28402
2021-07-08 15:10:17,2.125,91.7,28402
2021-07-08 15:10:22,2.125,91.7,28402
2021-07-08 15:10:25,2.126,91.7,28402
2021-07-08 15:10:28,2.126,91.6,28402
2021-07-08 15:10:31,2.126,91.7,28402
2021-07-08 15:10:36,2.126,91.7,28402
2021-07-08 15:10:39,2.126,91.6,28402
2021-07-08 15:10:42,2.126,91.7,28402
2021-07-08 15:10:47,2.125,91.7,28402
2021-07-08 15:10:50,2.126,91.7,28402
2021-07-08 15:10:53,2.126,91.7,28402
2021-07-08 15:10:56,2.125,91.6,28402
2021-07-08 15:11:01,2.126,91.6,28402
2021-07-08 15:11:04,2.126,91.7,28402
2021-07-08 15:11:07,2.126,91.7,28402
2021-07-08 15:11:10,2.126,91.6,28402
2021-07-08 15:11:15,2.126,91.6,28402
2021-07-08 15:11:18,2.126,91.7,28402
2021-07-08 15:11:21,2.126,91.7,28402
2021-07-08 15:11:26,2.126,91.7,28402
2021-07-08 15:11:29,2.127,91.6,28402
2021-07-08 15:11:32,2.127,91.7,28402
2021-07-08 15:11:35,2.127,91.7,28402
2021-07-08 15:11:40,2.126,91.6,28402
2021-07-08 15:11:43,2.127,91.6,28402
2021-07-08 15:11:46,2.126,91.6,28402
2021-07-08 15:11:51,2.126,91.6,28402
2021-07-08 15:11:54,2.126,91.7,28402
2021-07-08 15:11:57,2.126,91.6,28402
2021-07-08 15:12:00,2.125,91.6,28402
2021-07-08 15:12:05,2.125,91.6,28402
2021-07-08 15:12:08,2.125,91.6,28402
2021-07-08 15:12:11,2.125,91.6,28402
2021-07-08 15:12:16,2.126,91.6,28402
2021-07-08 15:12:19,2.126,91.6,28402
2021-07-08 15:12:22,2.126,91.6,28402
2021-07-08 15:12:25,2.126,91.6,28402
2021-07-08 15:12:30,2.126,91.6,28402
2021-07-08 15:12:33,2.126,91.6,28402
2021-07-08 15:12:36,2.126,91.6,28402
2021-07-08 15:12:41,2.126,91.5,28402
2021-07-08 15:12:44,2.126,91.6,28402
2021-07-08 15:12:47,2.126,91.7,28402
2021-07-08 15:13:01,2.125,91.7,28402
2021-07-08 15:12:50,2.125,91.7,28402
2021-07-08 15:12:55,2.125,91.6,28402
2021-07-08 15:12:58,2.125,91.6,28402
2021-07-08 15:13:04,2.125,91.7,28402
2021-07-08 15:13:09,2.125,91.6,28402
2021-07-08 15:13:12,2.125,91.6,28402
2021-07-08 15:13:15,2.125,91.7,28402
2021-07-08 15:13:20,2.125,91.7,28402
2021-07-08 15:13:23,2.125,91.6,28402
2021-07-08 15:13:26,2.125,91.7,28402
2021-07-08 15:13:29,2.126,91.7,28402
2021-07-08 15:13:34,2.125,91.6,28402
2021-07-08 15:13:37,2.126,91.6,28402
2021-07-08 15:13:40,2.126,91.6,28402
2021-07-08 15:13:45,2.126,91.7,28402
2021-07-08 15:13:48,2.126,91.7,28402
2021-07-08 15:13:51,2.126,91.6,28402
2021-07-08 15:13:54,2.126,91.7,28402
2021-07-08 15:13:59,2.126,91.6,28402
2021-07-08 15:14:02,2.126,91.7,28402
2021-07-08 15:14:05,2.127,91.6,28402
2021-07-08 15:14:10,2.126,91.6,28402
2021-07-08 15:14:13,2.126,91.6,28402
2021-07-08 15:14:16,2.126,91.6,28402
2021-07-08 15:14:19,2.126,91.6,28402
2021-07-08 15:14:24,2.126,91.7,28402
2021-07-08 15:14:27,2.126,91.7,28402
2021-07-08 15:14:30,2.126,91.6,28402
2021-07-08 15:14:35,2.127,91.6,28402
2021-07-08 15:14:38,2.126,91.6,28402
2021-07-08 15:14:41,2.126,91.7,28402
2021-07-08 15:14:44,2.126,91.6,28402
2021-07-08 15:14:49,2.126,91.7,28402
2021-07-08 15:14:52,2.126,91.6,28402
2021-07-08 15:14:55,2.126,91.7,28402
2021-07-08 15:14:58,2.126,91.6,28402
2021-07-08 15:15:03,2.126,91.7,28402
2021-07-08 15:15:06,2.126,91.7,28402
2021-07-08 15:15:09,2.126,91.7,28402
2021-07-08 15:15:14,2.126,91.6,28402
2021-07-08 15:15:17,2.126,91.7,28402
2021-07-08 15:15:20,2.126,91.8,28402
2021-07-08 15:15:23,2.126,91.7,28402
2021-07-08 15:15:28,2.126,91.7,28402
2021-07-08 15:15:31,2.127,91.6,28402
2021-07-08 15:15:34,2.127,91.7,28402
2021-07-08 15:15:39,2.127,91.7,28402
2021-07-08 15:15:42,2.126,91.7,28402
2021-07-08 15:15:45,2.127,91.7,28402
2021-07-08 15:15:48,2.127,91.6,28402
2021-07-08 15:15:53,2.127,91.7,28402
2021-07-08 15:15:56,2.127,91.7,28402
2021-07-08 15:15:59,2.127,91.7,28402
2021-07-08 15:16:04,2.127,91.6,28402
2021-07-08 15:16:07,2.127,91.6,28402
2021-07-08 15:16:10,2.127,91.6,28402
2021-07-08 15:16:13,2.128,91.6,28402
2021-07-08 15:16:18,2.128,91.7,28402
2021-07-08 15:16:32,2.128,91.7,28402
2021-07-08 15:16:21,2.128,91.7,28402
2021-07-08 15:16:24,2.128,91.6,28402
2021-07-08 15:16:29,2.128,91.6,28402
2021-07-08 15:16:35,2.128,91.6,28402
2021-07-08 15:16:38,2.128,91.6,28402
2021-07-08 15:16:43,2.128,91.7,28402
2021-07-08 15:16:46,2.128,91.7,28402
2021-07-08 15:16:49,2.128,91.7,28402
2021-07-08 15:16:52,2.128,91.7,28402
2021-07-08 15:16:57,2.128,91.6,28402
2021-07-08 15:17:00,2.129,91.7,28402
2021-07-08 15:17:03,2.128,91.7,28402
2021-07-08 15:17:08,2.128,91.7,28402
2021-07-08 15:17:11,2.128,91.7,28402
2021-07-08 15:17:14,2.128,91.6,28402
2021-07-08 15:17:17,2.128,91.6,28402
2021-07-08 15:17:22,2.128,91.7,28402
2021-07-08 15:17:25,2.128,91.7,28402
2021-07-08 15:17:28,2.127,91.7,28402
2021-07-08 15:17:33,2.127,91.7,28402
2021-07-08 15:17:36,2.127,91.7,28402
2021-07-08 15:17:39,2.127,91.7,28402
2021-07-08 15:17:42,2.127,91.7,28402
2021-07-08 15:17:47,2.127,91.6,28402
2021-07-08 15:17:50,2.127,91.7,28402
2021-07-08 15:17:53,2.127,91.7,28402
2021-07-08 15:17:58,2.127,91.6,28402
2021-07-08 15:18:01,2.127,91.7,28402
2021-07-08 15:18:04,2.127,91.6,28402
2021-07-08 15:18:07,2.127,91.6,28402
2021-07-08 15:18:12,2.128,91.6,28402
2021-07-08 15:18:15,2.128,91.7,28402
2021-07-08 15:18:18,2.128,91.7,28402
2021-07-08 15:18:23,2.128,91.7,28402
2021-07-08 15:18:26,2.128,91.7,28402
2021-07-08 15:18:29,2.128,91.7,28402
2021-07-08 15:18:32,2.128,91.7,28402
2021-07-08 15:18:37,2.128,91.7,28402
2021-07-08 15:18:40,2.128,91.7,28402
2021-07-08 15:18:43,2.128,91.7,28402
2021-07-08 15:18:46,2.128,91.7,28402
2021-07-08 15:18:51,2.128,91.7,28402
2021-07-08 15:18:54,2.128,91.7,28402
2021-07-08 15:18:57,2.128,91.7,28402
2021-07-08 15:19:02,2.127,91.7,28402
2021-07-08 15:19:05,2.128,91.7,28402
2021-07-08 15:19:08,2.127,91.7,28402
2021-07-08 15:19:11,2.127,91.6,28402
2021-07-08 15:19:16,2.127,91.7,28402
2021-07-08 15:19:19,2.127,91.7,28402
2021-07-08 15:19:22,2.128,91.7,28402
2021-07-08 15:19:27,2.128,91.6,28402
2021-07-08 15:19:30,2.128,91.7,28402
2021-07-08 15:19:33,2.128,91.6,28402
2021-07-08 15:19:36,2.128,91.7,28402
2021-07-08 15:19:41,2.129,91.6,28402
2021-07-08 15:19:44,2.128,91.6,28402
2021-07-08 15:19:47,2.127,91.7,28402
2021-07-08 15:19:52,2.127,91.6,28402
2021-07-08 15:19:55,2.128,91.6,28402
2021-07-08 15:19:58,2.128,91.7,28402
2021-07-08 15:20:01,2.128,91.7,28402
2021-07-08 15:20:06,2.128,91.6,28402
2021-07-08 15:20:09,2.128,91.6,28402
2021-07-08 15:20:12,2.128,91.6,28402
2021-07-08 15:20:17,2.128,91.6,28402
2021-07-08 15:20:20,2.128,91.6,28402
2021-07-08 15:20:34,2.128,91.6,28402
2021-07-08 15:20:23,2.129,91.7,28402
2021-07-08 15:20:26,2.129,91.5,28402
2021-07-08 15:20:31,2.128,91.7,28402
2021-07-08 15:20:37,2.129,91.6,28402
2021-07-08 15:20:40,2.129,91.7,28402
2021-07-08 15:20:45,2.129,91.6,28402
2021-07-08 15:20:48,2.129,91.6,28402
2021-07-08 15:20:51,2.129,91.6,28402
2021-07-08 15:20:56,2.129,91.6,28402
2021-07-08 15:20:59,2.129,91.7,28402
2021-07-08 15:21:02,2.128,91.6,28402
2021-07-08 15:21:05,2.128,91.6,28402
2021-07-08 15:21:10,2.129,91.7,28402
2021-07-08 15:21:13,2.129,91.7,28402
2021-07-08 15:21:16,2.129,91.6,28402
2021-07-08 15:21:21,2.13,91.6,28402
2021-07-08 15:21:24,2.129,91.6,28402
2021-07-08 15:21:27,2.129,91.6,28402
2021-07-08 15:21:30,2.129,91.6,28402
2021-07-08 15:21:35,2.129,91.6,28402
2021-07-08 15:21:38,2.129,91.6,28402
2021-07-08 15:21:41,2.129,91.6,28402
2021-07-08 15:21:46,2.129,91.6,28402
2021-07-08 15:21:49,2.129,91.6,28402
2021-07-08 15:21:52,2.129,91.6,28402
2021-07-08 15:21:55,2.129,91.6,28402
2021-07-08 15:22:00,2.13,91.6,28402
2021-07-08 15:22:03,2.129,91.6,28402
2021-07-08 15:22:06,2.129,91.6,28402
2021-07-08 15:22:11,2.129,91.6,28402
2021-07-08 15:22:14,2.13,91.6,28402
2021-07-08 15:22:17,2.13,91.6,28402
2021-07-08 15:22:20,2.13,91.6,28402
2021-07-08 15:22:25,2.13,91.7,28402
2021-07-08 15:22:28,2.13,91.6,28402
2021-07-08 15:22:31,2.13,91.6,28402
2021-07-08 15:22:34,2.13,91.7,28402
2021-07-08 15:22:39,2.13,91.7,28402
2021-07-08 15:22:42,2.13,91.6,28402
2021-07-08 15:22:56,2.129,91.6,28402
2021-07-08 15:22:45,2.129,91.6,28402
2021-07-08 15:22:50,2.129,91.6,28402
2021-07-08 15:22:53,2.129,91.6,28402
2021-07-08 15:22:59,2.13,91.6,28402
2021-07-08 15:23:04,2.129,91.7,28402
2021-07-08 15:23:07,2.129,91.7,28402
2021-07-08 15:23:10,2.129,91.6,28402
2021-07-08 15:23:15,2.129,91.6,28402
2021-07-08 15:23:18,2.13,91.7,28402
2021-07-08 15:23:21,2.13,91.7,28402
2021-07-08 15:23:24,2.13,91.7,28402
2021-07-08 15:23:29,2.13,91.6,28402
2021-07-08 15:23:32,2.13,91.7,28402
2021-07-08 15:23:35,2.13,91.6,28402
2021-07-08 15:23:40,2.13,91.6,28402
2021-07-08 15:23:43,2.13,91.7,28402
2021-07-08 15:23:46,2.13,91.6,28402
2021-07-08 15:23:49,2.13,91.6,28402
2021-07-08 15:23:54,2.13,91.7,28402
2021-07-08 15:23:57,2.13,91.7,28402
2021-07-08 15:24:00,2.13,91.7,28402
2021-07-08 15:24:05,2.13,91.7,28402
2021-07-08 15:24:08,2.13,91.7,28402
2021-07-08 15:24:11,2.13,91.7,28402
2021-07-08 15:24:14,2.13,91.7,28402
2021-07-08 15:24:19,2.131,91.7,28402
2021-07-08 15:24:22,2.131,91.7,28402
2021-07-08 15:24:25,2.131,91.6,28402
2021-07-08 15:24:28,2.131,91.6,28402
2021-07-08 15:24:33,2.131,91.7,28402
2021-07-08 15:24:36,2.131,91.7,28402
2021-07-08 15:24:39,2.131,91.7,28402
2021-07-08 15:24:44,2.132,91.6,28402
2021-07-08 15:24:47,2.132,91.6,28402
2021-07-08 15:24:50,2.132,91.7,28402
2021-07-08 15:24:53,2.131,91.7,28402
2021-07-08 15:24:58,2.131,91.7,28402
2021-07-08 15:25:04,2.131,91.6,28402
2021-07-08 15:25:09,2.131,91.7,28402
2021-07-08 15:25:12,2.131,91.6,28402
2021-07-08 15:25:15,2.131,91.6,28402
2021-07-08 15:25:18,2.131,91.6,28402
2021-07-08 15:25:23,2.13,91.7,28402
2021-07-08 15:25:26,2.13,91.7,28402
2021-07-08 15:25:29,2.13,91.7,28402
2021-07-08 15:25:34,2.13,91.6,28402
2021-07-08 15:25:37,2.13,91.7,28402
2021-07-08 15:25:40,2.13,91.7,28402
2021-07-08 15:25:43,2.13,91.7,28402
2021-07-08 15:25:48,2.13,91.6,28402
2021-07-08 15:25:51,2.132,91.6,28402
2021-07-08 15:25:54,2.134,91.6,28402
2021-07-08 15:25:59,2.132,91.7,28402
2021-07-08 15:26:02,2.133,91.6,28402
2021-07-08 15:26:05,2.133,91.6,28402
2021-07-08 15:26:08,2.133,91.6,28402
2021-07-08 15:26:13,2.131,91.6,28402
2021-07-08 15:26:16,2.132,91.7,28402
2021-07-08 15:26:19,2.132,91.6,28402
2021-07-08 15:26:22,2.132,91.7,28402
2021-07-08 15:26:27,2.131,91.7,28402
2021-07-08 15:26:30,2.131,91.6,28402
2021-07-08 15:26:33,2.131,91.6,28402
2021-07-08 15:26:38,2.131,91.7,28402
2021-07-08 15:26:41,2.131,91.6,28402
2021-07-08 15:26:44,2.131,91.6,28402
2021-07-08 15:26:47,2.131,91.6,28402
2021-07-08 15:26:52,2.13,91.6,28402
2021-07-08 15:26:55,2.13,91.6,28402
2021-07-08 15:26:58,2.13,91.7,28402
2021-07-08 15:27:03,2.131,91.6,28402
2021-07-08 15:27:06,2.131,91.6,28402
2021-07-08 15:27:09,2.131,91.6,28402
2021-07-08 15:27:12,2.131,91.6,28402
2021-07-08 15:27:17,2.131,91.7,28402
2021-07-08 15:27:20,2.131,91.6,28402
2021-07-08 15:27:23,2.131,91.6,28402
2021-07-08 15:27:28,2.131,91.6,28402
2021-07-08 15:27:31,2.131,91.6,28402
2021-07-08 15:27:34,2.131,91.6,28402
2021-07-08 15:27:37,2.131,91.6,28402
2021-07-08 15:27:42,2.131,91.6,28402
2021-07-08 15:27:45,2.131,91.6,28402
2021-07-08 15:27:48,2.131,91.6,28402
2021-07-08 15:27:53,2.131,91.5,28402
2021-07-08 15:27:56,2.131,91.6,28402
2021-07-08 15:28:10,2.131,91.6,28402
2021-07-08 15:27:59,2.131,91.6,28402
2021-07-08 15:28:02,2.131,91.6,28402
2021-07-08 15:28:07,2.132,91.6,28402
2021-07-08 15:28:13,2.132,91.5,28402
2021-07-08 15:28:16,2.132,91.6,28402
2021-07-08 15:28:21,2.132,91.5,28402
2021-07-08 15:28:24,2.133,91.5,28402
2021-07-08 15:28:27,2.134,91.6,28402
2021-07-08 15:28:32,2.134,91.6,28402
2021-07-08 15:28:35,2.134,91.6,28402
2021-07-08 15:28:38,2.134,91.6,28402
2021-07-08 15:28:41,2.134,91.6,28402
2021-07-08 15:28:46,2.134,91.6,28402
2021-07-08 15:28:49,2.133,91.6,28402
2021-07-08 15:28:52,2.134,91.6,28402
2021-07-08 15:28:57,2.134,91.6,28402
2021-07-08 15:29:00,2.134,91.6,28402
2021-07-08 15:29:03,2.133,91.6,28402
2021-07-08 15:29:06,2.133,91.6,28402
2021-07-08 15:29:22,2.132,91.6,28402
2021-07-08 15:29:11,2.133,91.6,28402
2021-07-08 15:29:14,2.132,91.6,28402
2021-07-08 15:29:17,2.133,91.6,28402
2021-07-08 15:29:25,2.132,91.6,28402
2021-07-08 15:29:28,2.133,91.6,28402
2021-07-08 15:29:31,2.133,91.6,28402
2021-07-08 15:29:36,2.133,91.5,28402
2021-07-08 15:29:39,2.134,91.6,28402
2021-07-08 15:29:42,2.134,91.5,28402
2021-07-08 15:29:47,2.134,91.6,28402
2021-07-08 15:29:50,2.134,91.6,28402
2021-07-08 15:29:53,2.134,91.6,28402
2021-07-08 15:29:56,2.134,91.6,28402
2021-07-08 15:30:01,2.134,91.6,28402
2021-07-08 15:25:01,2.131,91.6,28402
2021-07-08 15:30:04,2.134,91.6,28402
2021-07-08 15:30:07,2.134,91.6,28402
2021-07-08 15:30:10,2.134,91.6,28402
2021-07-08 15:30:15,2.134,91.6,28402
2021-07-08 15:30:18,2.134,91.6,28402
2021-07-08 15:30:21,2.134,91.6,28402
2021-07-08 15:30:26,2.134,91.6,28402
2021-07-08 15:30:29,2.134,91.6,28402
2021-07-08 15:30:32,2.134,91.6,28402
2021-07-08 15:30:35,2.134,91.6,28402
2021-07-08 15:30:40,2.134,91.8,28402
2021-07-08 15:30:43,2.134,91.8,28402
2021-07-08 15:30:46,2.134,91.8,28402
2021-07-08 15:30:51,2.133,91.7,28402
2021-07-08 15:30:54,2.134,91.7,28402
2021-07-08 15:30:57,2.134,91.8,28402
2021-07-08 15:31:00,2.133,91.6,28402
2021-07-08 15:31:05,2.134,91.6,28402
2021-07-08 15:31:08,2.134,91.6,28402
2021-07-08 15:31:11,2.134,91.5,28402
2021-07-08 15:31:16,2.134,91.5,28402
2021-07-08 15:31:19,2.134,91.4,28402
2021-07-08 15:31:22,2.134,91.4,28402
2021-07-08 15:31:25,2.134,91.4,28402
2021-07-08 15:31:30,2.134,91.3,28402
2021-07-08 15:31:33,2.134,91.4,28402
2021-07-08 15:31:36,2.134,91.3,28402
2021-07-08 15:31:41,2.133,91.3,28402
2021-07-08 15:31:44,2.133,91.2,28402
2021-07-08 15:31:47,2.134,91.2,28402
2021-07-08 15:31:50,2.135,91.2,28402
2021-07-08 15:31:55,2.134,91.1,28402
2021-07-08 15:31:58,2.134,91,28402
2021-07-08 15:32:01,2.136,90.9,28402
2021-07-08 15:32:04,2.135,90.8,28402
2021-07-08 15:32:09,2.135,90.5,28402
2021-07-08 15:32:12,2.135,90.2,28402
2021-07-08 15:32:15,2.135,90,28402
2021-07-08 15:32:20,2.135,89.4,28402
2021-07-08 15:32:23,2.135,89.1,28402
2021-07-08 15:32:26,2.136,88.7,28402
2021-07-08 15:32:29,2.135,88.2,28402
2021-07-08 15:32:34,2.136,87.4,28402
2021-07-08 15:32:37,2.137,86.8,28402
2021-07-08 15:32:40,2.136,86.2,28402
2021-07-08 15:32:45,2.137,85.1,28402
2021-07-08 15:32:48,2.136,84.5,28402
2021-07-08 15:32:51,2.135,83.8,28402
2021-07-08 15:32:54,2.135,82.9,28402
2021-07-08 15:32:59,2.135,81.5,28402
2021-07-08 15:33:02,2.136,80.6,28402
2021-07-08 15:33:05,2.136,79.7,28402
2021-07-08 15:33:10,2.135,78.1,28402
2021-07-08 15:33:13,2.136,77.2,28402
2021-07-08 15:33:16,2.135,76.2,28402
2021-07-08 15:33:19,2.137,75.2,28402
2021-07-08 15:33:24,2.138,73.5,28402
2021-07-08 15:33:27,2.137,72.6,28402
2021-07-08 15:33:30,2.135,71.6,28402
2021-07-08 15:33:35,2.137,69.8,28402
2021-07-08 15:33:38,2.137,68.7,28402
2021-07-08 15:33:41,2.137,67.6,28402
2021-07-08 15:33:44,2.137,66.5,28402
2021-07-08 15:33:49,2.138,64.4,28402
2021-07-08 15:33:52,2.138,63.2,28402
2021-07-08 15:33:55,2.138,61.8,28402
2021-07-08 15:33:58,2.14,60.5,28402
2021-07-08 15:34:03,2.14,58,28402
2021-07-08 15:34:06,2.137,56.7,28402
2021-07-08 15:34:09,2.148,55.1,28402
2021-07-08 15:34:14,2.149,52.5,28402
2021-07-08 15:34:17,2.15,50.8,28402
2021-07-08 15:34:20,2.16,49.1,28402
2021-07-08 15:34:23,2.166,47.5,28402
2021-07-08 15:34:28,2.219,44.7,28402
2021-07-08 15:34:31,2.423,43.1,28402
2021-07-08 15:34:34,2.892,41.9,28402
2021-07-08 15:34:39,3.478,40.3,28402
2021-07-08 15:34:42,3.528,39.2,28402
2021-07-08 15:34:45,3.556,38.1,28402
2021-07-08 15:34:48,3.584,36.9,28402
2021-07-08 15:34:53,3.589,34.9,28402
2021-07-08 15:34:56,3.606,33.6,28402
2021-07-08 15:34:59,3.624,32.5,28402
2021-07-08 15:35:04,3.688,30.4,28402
2021-07-08 15:35:07,3.753,29.1,28402
2021-07-08 15:35:10,3.869,27.6,28402
2021-07-08 15:35:13,4.154,26.5,28402
2021-07-08 15:35:18,4.921,24.5,28402
2021-07-08 15:35:21,5.054,23.6,28402
2021-07-08 15:35:24,5.202,22.7,28402
2021-07-08 15:35:29,5.477,21.9,28402
2021-07-08 15:35:46,5.348,19.1,28402
2021-07-08 15:35:43,5.313,19.5,28402
2021-07-08 15:35:32,5.671,21.4,28402
2021-07-08 15:35:35,5.586,20.8,28402
2021-07-08 15:35:38,5.408,20.3,28402
2021-07-08 15:35:49,5.531,18.4,28402
2021-07-08 15:35:52,5.673,18,28402
2021-07-08 15:35:57,5.93,16.9,28402
2021-07-08 15:36:00,6.267,15.6,28402
2021-07-08 15:36:03,7.268,14.3,28402
2021-07-08 15:36:08,8.265,12.1,28402
2021-07-08 15:36:11,8.296,10.9,28402
2021-07-08 15:36:14,8.413,9.6,28402
2021-07-08 15:36:17,8.439,8.4,28402
2021-07-08 15:36:22,8.45,6.6,28402
2021-07-08 15:36:25,8.448,5.7,28402
2021-07-08 15:36:28,8.445,5.7,28402
2021-07-08 15:36:33,8.449,3.4,28402
2021-07-08 15:36:36,8.441,2.6,28402
2021-07-08 15:36:39,8.448,1.5,28402
2021-07-08 15:36:42,8.448,0.6,28402
2021-07-08 15:36:47,8.434,0.3,28402
2021-07-08 15:36:50,8.436,0.3,28402
2021-07-08 15:36:53,8.423,0.3,28402
2021-07-08 15:36:58,8.43,0.3,28402
2021-07-08 15:37:01,8.438,0.3,28402
2021-07-08 15:37:04,8.427,0.3,28402
2021-07-08 15:37:07,8.431,0.3,28402
2021-07-08 15:37:12,8.431,0.3,28402
2021-07-08 15:37:15,8.442,0.4,28402
2021-07-08 15:37:18,8.437,0.3,28402
2021-07-08 15:37:23,8.437,0.2,28402
2021-07-08 15:37:26,8.428,0.3,28402
2021-07-08 15:37:29,8.43,0.2,28402
2021-07-08 15:37:32,8.438,0.3,28402
2021-07-08 15:37:37,8.434,0.3,28402
2021-07-08 15:37:40,8.43,0.2,28402
2021-07-08 15:37:43,8.44,0.3,28402
2021-07-08 15:37:46,8.434,0.3,28402
2021-07-08 15:37:51,8.422,0.5,28402
2021-07-08 15:37:54,8.429,0.4,28402
2021-07-08 15:37:57,8.431,0.4,28402
2021-07-08 15:38:02,8.437,0.5,28402
2021-07-08 15:38:05,8.438,0.4,28402
2021-07-08 15:38:08,8.432,0.4,28402
2021-07-08 15:38:11,8.438,0.4,28402
2021-07-08 15:38:16,8.441,0.2,28402
2021-07-08 15:38:19,8.437,0.1,28402
2021-07-08 15:38:22,8.44,0.1,28402
2021-07-08 15:38:27,8.389,0,28402
2021-07-08 15:38:30,8.333,0,28402
2021-07-08 15:38:33,8.288,0,28402
2021-07-08 15:38:36,8.241,0,28402
2021-07-08 15:38:41,8.215,0,28402
2021-07-08 15:38:44,8.19,0,28402
2021-07-08 15:38:47,8.175,0,28402
2021-07-08 15:38:52,8.177,0,28402
2021-07-08 15:38:55,8.167,0,28402
2021-07-08 15:38:58,8.143,0,28402
2021-07-08 15:39:01,8.132,0,28402
2021-07-08 15:39:06,8.325,0,28402
2021-07-08 15:39:09,8.377,0,28402
2021-07-08 15:39:12,8.373,0,28402
2021-07-08 15:39:17,8.324,0,28402
2021-07-08 15:39:20,8.307,0,28402
2021-07-08 15:39:23,8.303,0,28402
2021-07-08 15:39:26,8.305,0,28402
2021-07-08 15:39:31,8.301,0,28402
2021-07-08 15:39:34,8.302,0,28402
2021-07-08 15:39:37,8.289,0,28402
2021-07-08 15:39:40,8.283,0,28402
2021-07-08 15:39:45,8.287,0,28402
2021-07-08 15:39:48,8.291,0,28402
2021-07-08 15:39:51,8.29,0,28402
2021-07-08 15:39:56,8.284,0,28402
2021-07-08 15:39:59,8.278,0,28402
2021-07-08 15:40:02,8.285,0,28402
2021-07-08 15:40:05,8.277,0,28402
2021-07-08 15:40:10,8.271,0,28402
2021-07-08 15:40:13,8.265,0,28402
2021-07-08 15:40:21,8.248,0,28402
2021-07-08 15:40:24,8.248,0,28402
2021-07-08 15:40:27,8.252,0,28402
2021-07-08 15:40:30,8.252,0,28402
2021-07-08 15:40:35,8.238,0,28402
2021-07-08 15:40:38,8.217,0,28402
2021-07-08 15:40:41,8.197,0,28402
2021-07-08 15:40:46,8.194,0,28402
2021-07-08 15:40:49,8.192,0,28402
2021-07-08 15:40:52,8.192,0,28402
2021-07-08 15:40:55,8.186,0,28402
2021-07-08 15:41:00,8.187,0,28402
2021-07-08 15:41:03,8.19,0,28402
2021-07-08 15:41:06,8.19,0,28402
2021-07-08 15:41:11,8.195,0,28402
2021-07-08 15:41:14,8.212,0,28402
2021-07-08 15:41:17,8.231,0,28402
2021-07-08 15:41:20,8.24,0,28402
2021-07-08 15:41:25,8.251,0,28402
2021-07-08 15:41:28,8.26,0,28402
2021-07-08 15:41:31,8.268,0,28402
2021-07-08 15:41:34,8.272,0,28402
2021-07-08 15:41:39,8.268,0,28402
2021-07-08 15:41:42,8.269,0,28402
2021-07-08 15:41:45,8.271,0,28402
2021-07-08 15:41:50,8.254,0,28402
2021-07-08 15:41:53,8.251,0,28402
2021-07-08 15:41:56,8.258,0,28402
2021-07-08 15:41:59,8.253,0,28402
2021-07-08 15:42:04,8.561,0,28402
2021-07-08 15:40:16,8.258,0,28402
